{"sigma": 2.290693005319039, "gamma": 0.09528756410156487, "mAA": 0.44317382095844543, "mHH": 0.457128446396083, "K": 512}